,"Project title",Country,"Project status",Themes,"Multi sites","Bank and bed modifications measure","River corridor measure","Channel pattern measure","Other technical measure","Management interventions","Social measure","Wider engagement measure"
"Case study:""Rio Verde II"". Restoration of riparian forest and the rivers Llobregat and Cardener","""Rio Verde II"". Restoration of riparian forest and the rivers Llobregat and Cardener",Spain,Complete,"Environmental flows and water resources,Habitat and biodiversity,Hydromorphology",No,"Revetmens with local species,Bank stabilisation,New bioengineering elements in order to stabilize slope banks","Riparian planting",,,,,
"Case study:Aaijen- Removal of bank fixation","Aaijen- Removal of bank fixation",Netherlands,Complete,"Flood risk management,Monitoring,Water quality",No,"Removal of bank reinforcements",,,,,,
"Case study:Actions for environmental regeneration and flow control in Odra's Basin, Burgos","Actions for environmental regeneration and flow control in Odra's Basin, Burgos",Spain,Complete,"Environmental flows and water resources,Habitat and biodiversity,Hydromorphology",No,"Revetmens with local species,Removal of sediment,Bank reprofiling","Removal of rubbish",,,,,
"Case study:Aesthetic vs. functional restoration of urban and peri-urban rivers: the Manzanares River in Madrid","Aesthetic vs. functional restoration of urban and peri-urban rivers: the Manzanares River in Madrid",Spain,"In progress","Environmental flows and water resources,Habitat and biodiversity,Hydromorphology,Land use management - forestry,Social benefits,Urban",No,"Creation of ramp","Reforestation and restoration of watercourses,Develop riparian forest,Riparian planting",,,,"Awareness raising by a sign",
"Case study:Amerongse Bovenpolder","Amerongse Bovenpolder",Netherlands,"In progress","Habitat and biodiversity,Social benefits",No,,,,,,,
"Case study:Bakenhof Dyke reconstruction","Bakenhof Dyke reconstruction",Netherlands,Complete,"Flood risk management,Habitat and biodiversity",No,"creation of secondary channel","Creation of backwaters",,,,,
"Case study:Basic proposals for restoration and enhancement of the stream of Vilamajor in Sant Antoni de Vilamajor","Basic proposals for restoration and enhancement of the stream of Vilamajor in Sant Antoni de Vilamajor",Spain,Complete,"Environmental flows and water resources,Habitat and biodiversity,Hydromorphology",No,"New bioengineering elements in order to stabilize slope banks","Protect/restore riparian zone","Works to safeguard the bridge",,,,
"Case study:Bastion Maria (QUERCUS)","Bastion Maria (QUERCUS)",Netherlands,Complete,"Economic aspects,Social benefits,Water quality,Urban",No,,,,,,Recreation,"Restored historical feature"
"Case study:Beek Lage Raam","Beek Lage Raam",Netherlands,"In progress","Habitat and biodiversity,Land use management - forestry,Peat",No,Stroombaanmaaien,,,,,,
"Case study:Beekherstel Beekloop BmN","Beekherstel Beekloop BmN","Netherlands,Belgium",Complete,"Environmental flows and water resources,Flood risk management,Habitat and biodiversity,Hydromorphology,Water quality",No,"Dood hout,6 Vispassages,Beschaduwing",,,,,,"Afspraken met belanghebbende over waterverdeling"
"Case study:Beekherstel Buurserbeek","Beekherstel Buurserbeek",Netherlands,Complete,"Environmental flows and water resources,Flood risk management,Habitat and biodiversity,Monitoring",No,"Vergraven van de oever","Dood hout inbreng",,,,,
"Case study:Beekherstel Eefsebeek","Beekherstel Eefsebeek",Netherlands,"In progress","Habitat and biodiversity,Monitoring",No,Stroombaanmaaien,,,,,,
"Case study:Beekherstel Keersop","Beekherstel Keersop",Netherlands,"In progress","Environmental flows and water resources,Hydromorphology",No,"Hout in de beek",Beschaduwing,,,,,
"Case study:Beekherstel Lactariabeek","Beekherstel Lactariabeek",Netherlands,Complete,"Environmental flows and water resources",No,,"Dead wood deposition",,,,,
"Case study:Beekherstel Reusel Baarschot-Diessen","Beekherstel Reusel Baarschot-Diessen",Netherlands,"In progress","Environmental flows and water resources,Habitat and biodiversity,Hydromorphology",No,Stroombaanmaaien,,,"Traditioneel Beekherstel",,"Versterken van het landschap,cultuurhistory en recreatie","Er worden gebiedsbijeenkomsten gehouden voor belanghebbende"
"Case study:Beekherstel Willinkbeek","Beekherstel Willinkbeek",Netherlands,Complete,"Environmental flows and water resources,Habitat and biodiversity,Monitoring",No,"Puinbestorting verwijderd",,,,,,
"Case study:Beekherstel Zuidelijk Afwateringskanaal","Beekherstel Zuidelijk Afwateringskanaal",Netherlands,"In progress","Habitat and biodiversity,Monitoring",No,Stroombaanmaaien,,,,,,
"Case study:Beneden-Berkel",Beneden-Berkel,Netherlands,"In progress","Habitat and biodiversity,Land use management - agriculture,Water quality",No,,,,,,,
"Case study:Beneden-Leeuwen-Side channel","Beneden-Leeuwen-Side channel",Netherlands,Complete,"Habitat and biodiversity,Monitoring,Water quality",No,"Bank reprofiling",,"Side channel created,Creation of backwater",,"More natural water retention",,
"Case study:Biodiversity conservation and recovery in the river basin Asón","Biodiversity conservation and recovery in the river basin Asón",Spain,Complete,,No,"Weir removal","Removal of exotic plants",,,"Management for increase species like Lepus europaeus,Capreolus capreolus,Columba palumbus andAguila chrysaetos","Surveillance patrols managed fire risk and hunting","Interpretive centre was set up"
"Case study:Bird Reserve “Tancat de la Pipa” (Valencia)","Bird Reserve “Tancat de la Pipa” (Valencia)",Spain,"In progress","Environmental flows and water resources,Habitat and biodiversity,Land use management - agriculture,Monitoring,Social benefits,Water quality",Yes,"Green filters creation and two shallow,permanent lagoons",,,,"Channels,vegetation and maintenance active,daily management","Sensitization,environmental education of scholars,public use and elaboration of dissemination materials","Improvement of the socio-economic and other culture heritage network"
"Case study:Bird reserve “El Clot” (Tarragona)","Bird reserve “El Clot” (Tarragona)",Spain,"In progress","Environmental flows and water resources,Habitat and biodiversity,Land use management - agriculture,Social benefits,Spatial planning",Yes,,,,,"Habitat improvement through water and vegetation management","Scientific bird banding workshops,activities performed by volunteers,environmental awareness","Advice of local farmers"
"Case study:Bird reserve “Finca San Miguel” (Huesca)","Bird reserve “Finca San Miguel” (Huesca)",Spain,"In progress","Environmental flows and water resources,Habitat and biodiversity,Land use management - agriculture,Social benefits,Spatial planning",Yes,,,,,"Grants from the Administration,Tracing of aquatic birds,Surveillance,prevention and monitoring of poaching.","Sensitization,awareness campaigns and elaboration of dissemination materials","Crops from the private property for nesting and alimentation"
"Case study:Bird reserve “Las Marismas Blancas” (Cantabria)","Bird reserve “Las Marismas Blancas” (Cantabria)",Spain,"In progress","Environmental flows and water resources,Habitat and biodiversity,Social benefits,Spatial planning",Yes,,"Implantation of amphibian ponds,fenced construction for won,elimination of invasive species,installation of artificial islets.",,,"Town hall workers","Sensitization,awareness campaigns and elaboration of dissemination materials",
"Case study:Bird reserve “O Grove” (Pontevedra)","Bird reserve “O Grove” (Pontevedra)",Spain,"In progress","Environmental flows and water resources,Habitat and biodiversity,Social benefits,Spatial planning",Yes,,,,,"Grants and help from town hall","Sensitization,awareness campaigns and elaboration of dissemination materials",
"Case study:Bird reserve “Riet Vell” (Tarragona)","Bird reserve “Riet Vell” (Tarragona)",Spain,"In progress","Environmental flows and water resources,Habitat and biodiversity,Land use management - agriculture,Social benefits,Spatial planning",Yes,,"Stablish crops of ecologic rice,regenerate habitats of wetlands enviroments,recover local vegetation and conserve aquatic birds",,,,"Sensitization,awareness campaigns and elaboration of dissemination materials","Advice from farmers"
"Case study:Buiten Ooij","Buiten Ooij",Netherlands,Complete,"Economic aspects,Habitat and biodiversity,Monitoring,Water quality",No,,"Water release into floodplain in winter,Closing of sluice in summer,Future floodplain lowering","Creation of side channel",,"more natural reservoir releases",,
"Case study:Conservation the public water domain in the Tajo basin, t. m. Alcocer, province of Guadalajara.","Conservation the public water domain in the Tajo basin, t. m. Alcocer, province of Guadalajara.",Spain,Complete,"Fisheries,Hydromorphology",No,"Creation of fish ladders",,,,,,
"Case study:Control and permeabilization of the marsh to the river, the Brazo de la Torre and Entremuros","Control and permeabilization of the marsh to the river, the Brazo de la Torre and Entremuros",Spain,Complete,"Environmental flows and water resources,Monitoring,Water quality",No,"Construction of a defensive wall to prevent river pollution,After decontamination,removal of the defensive wall",,,,,,
"Case study:Creating a fishpass at Włocławek dam","Creating a fishpass at Włocławek dam",Poland,Complete,"Habitat and biodiversity,Hydropower",No,"Creation of fish passes,Construction of a stabilising stone ramp",,,,,,"Monitoring system in fish pass"
"Case study:Design and Application of a Sustainable Soil Management Model for Orchard Crops in the Doñana National Park Area","Design and Application of a Sustainable Soil Management Model for Orchard Crops in the Doñana National Park Area",Spain,Complete,"Environmental flows and water resources,Habitat and biodiversity,Social benefits,Water quality",No,,,,"Improving water quality","Create a dynamic model of active participation of farmers in land management",,
"Case study:Ecological restoration of The Arboleda and the Meander of Santes Creus. Aiguamúrcia municipality (Alt Camp). Gaia River Basin","Ecological restoration of The Arboleda and the Meander of Santes Creus. Aiguamúrcia municipality (Alt Camp). Gaia River Basin",Spain,Complete,"Habitat and biodiversity,Hydromorphology",No,"Removal of rip-rap,Bank stabilisation","Removal of exotic plants",,"Removal of rubbish",,,
"Case study:Environment-friendly Reduction of Flood Risk in the Multi-thread Reach of the Czarny Dunajec River","Environment-friendly Reduction of Flood Risk in the Multi-thread Reach of the Czarny Dunajec River",Poland,Complete,"Flood risk management,Hydromorphology",No,"Opening inlets to side channels,Creation of gravel deflectors",,,,,,
"Case study:Environmental Restoration of Olivar-El Zaudin Metropolitan Park in Tomares","Environmental Restoration of Olivar-El Zaudin Metropolitan Park in Tomares",Spain,Complete,"Habitat and biodiversity,Hydromorphology,Social benefits,Spatial planning",No,"Conditioning of the banks of the stream and lagoons.","Elimination of allochthonous plant species",,"General cleaning of the area,removal of rubble and rubbish; Reforestation of the Park with local plant species (and equipped with an irrigation network); improve existing roads and paths (3.65 km) and new pedestrian paths were planned (3.65 km); Urban furniture; Construction of a small building located in a point of maximum elevation that allows the observation of the environment",,"Metropolitan park (social engagement); Bird observatory and recovery,organization of workshops and events for schools and other groups,exhibitions on the fauna and flora of the area",
"Case study:Environmental Restoration of the Lower Section of the Bembézar River and its River Environment (Phase 1)","Environmental Restoration of the Lower Section of the Bembézar River and its River Environment (Phase 1)",Spain,"In progress","Habitat and biodiversity,Land use management - forestry,Monitoring,Social benefits",No,"Actions to improve the natural environment: Cleaning of the riverbed and the riverbank; Removal of dead vegetation and cleaning of rubbish.","Actions to improve the natural environment: Restoration of the autochthonous riverside vegetation in the sections in which the reedbed is present. It is responsible for the degradation of the autochthonous vegetation,in an area which should be a riverside forest with species closer to the ecological climax; Removal of ailanthus and other invasive exotic species.",,,,"Actions of integration in a river area: Construction of a pedestrian path 2 meters wide and 3,080 meters long along the riverside forest of the Bembézar River; Construction of a footbridge over the river and improvement of difficult passageways along the path. Improvement of infrastructures for public use: Cleaning of vegetation of the existing Medieval Bridge in the Bembézar riverbed.",
"Case study:Environmental Restoration of the Riopudio Stream in Sevilla","Environmental Restoration of the Riopudio Stream in Sevilla",Spain,Complete,"Environmental flows and water resources,Land use management - forestry,Spatial planning",No,"Land movement (the design of the conditioning of the riverbed has been adapted to the natural conformation of the stream with slopes to avoid erosion and facilitate its subsequent revegetation); Defense of the riverbanks ( the breakwater structures foreseen in the project have been placed in order to guarantee the structural stability and the collapses to the riverbed).","shrub vegetation along the stream area,speacilly the abundant of two currently invasive plants (Arundo donax and Ricinus communis) as well as tall ruderal scrubs;  Environmental restoration (eliminating invasive species and weeds by clearing them,while preserving and improving the aerial structure of those specimens and copses that are within the areas to be revegetated and which,due to their ecological value,shall be to maintained)",,"Landscaping and cleaning of the area (rubble removal,abandoned houses and uncontrolled dumping); construction of Canadian crossings to prevent the entry of livestock and the enclosure with livestock mesh that protects the planted area and physically delimits it; Wooden footbridges; Public footpaths; Five recreation areas for rest and lesure (equipped with parking areas next to public pathways access,rest areas with urban furniture,trees that allow activities in the shade,containers,rustic bicycle parking and interpretive posters); staggered  bollards",,,
"Case study:Environmental improvement intervention in a reach Anzur River in the village of El Nacimiento, in the Municipality of Rute (Cordoba)","Environmental improvement intervention in a reach Anzur River in the village of El Nacimiento, in the Municipality of Rute (Cordoba)",Spain,Complete,"Environmental flows and water resources,Habitat and biodiversity,Hydromorphology",No,"Bank stabilisation,Prevent and reduce bank erosion with live stakes","Silvicultural treatments","Protection and correction of incision problems,Improvement of channel morphology",,,,
"Case study:Environmental improvement project of the stream of Ruby","Environmental improvement project of the stream of Ruby",Spain,Complete,"Habitat and biodiversity,Urban",No,"New bioengineering elements in order to stabilize slope banks,Revetmens with local species","Restoring riparian vegetation",,,,,
"Case study:Environmental regeneration project in Magro river bed","Environmental regeneration project in Magro river bed",Spain,Complete,,No,,,,"Selective removal of organic muds and sludge contaminated with toxic","Cleaning channels","Conditioning roads,Improved public access",
"Case study:Environmental restoration of the lower section of the river Narcea in the municipalities of Salas and Pravia (Asturias)","Environmental restoration of the lower section of the river Narcea in the municipalities of Salas and Pravia (Asturias)",Spain,Complete,"Environmental flows and water resources,Flood risk management,Habitat and biodiversity,Hydromorphology,Land use management - forestry",No,"Revetmens with local species,New bioengineering elements in order to stabilize slope banks,Removal of invasive plants","Riparian planting,Silvicultural treatments","Re-instatement of old course",,"Promotion and management of tourism in the river","Information panels for people,New pahts near the river",
"Case study:Environmental restoration of the river Zújar","Environmental restoration of the river Zújar",Spain,Complete,,Yes,"Recovery of channel morphology",,"Protecting and promoting wildlife,Assessment and monitoring program","Conditioning of recreational areas",,,
"Case study:Environmental restoration project of the Guadajoz River (Castro del Río, Andalusia)","Environmental restoration project of the Guadajoz River (Castro del Río, Andalusia)",Spain,Complete,,No,"Bank stabilisation,New bioengineering elements in order to stabilize slope banks,Revetmens with local species",,"Protection and correction of incision problems",,,,
"Case study:Fluvial improvement in Riera de Caldés","Fluvial improvement in Riera de Caldés",Spain,Complete,"Environmental flows and water resources,Hydromorphology,Water quality",No,"Removal of rip-rap,New bioengineering elements in order to stabilize slope banks","Riparian planting,Removal of exotic plants",,,,,
"Case study:Fluvial longitudinal continuity recovery in river Aguanaz, Cantabria, Spain","Fluvial longitudinal continuity recovery in river Aguanaz, Cantabria, Spain",Spain,Complete,"Fisheries,Habitat and biodiversity,Hydropower,Hydromorphology",No,"Weir removal",,,"Improvement of local paths and river banks",,,
"Case study:Fluvial restoration in River Carrión","Fluvial restoration in River Carrión",Spain,Complete,"Environmental flows and water resources,Habitat and biodiversity,Hydromorphology",No,"New bioengineering elements in order to stabilize slope banks,Deflectors,Creation of wooden deflectors,Creation of gravel deflectors,Bed load addition,Bank reprofiling",,,,,,
"Case study:Fluvial river restoration of Tordera in Sant Celoni","Fluvial river restoration of Tordera in Sant Celoni",Spain,Complete,"Environmental flows and water resources,Fisheries,Habitat and biodiversity,Land use management - agriculture",No,"Removal of invasive plants,Riverbank revegetation","Riparian planting,Habitat creation",,,,"Awareness raising",
"Case study:Guadiamar Green Corridor Project","Guadiamar Green Corridor Project",Spain,Complete,"Environmental flows and water resources,Fisheries,Habitat and biodiversity,Water quality",No,"Recovering connectivity longitudinal and transversal","Buffer strips,Recovery of dynamic river system,Restoring riparian vegetation","Remove drains and pipes","Elimination of pollutants due to the discharge of toxic sludge,Recovering natural habitats,Recovering natural landscapes",,,
"Case study:Guadiato Life project Model for restoring and integrating water resources in a mining area, actions for an alternative development","Guadiato Life project Model for restoring and integrating water resources in a mining area, actions for an alternative development",Spain,Complete,"Economic aspects,Habitat and biodiversity,Hydromorphology,Social benefits",No,,"Reforestation and restoration of watercourses,Restoring riparian vegetation",,"Install a ""green filter"" to treat waste water",,"Improve forest management and agricultural,Community Education","Agenda 21"
"Case study:Herinrichting Beekloop","Herinrichting Beekloop",Netherlands,Complete,"Environmental flows and water resources,Fisheries,Hydromorphology,Land use management - agriculture",No,"Dood hout,Vispassages",Beschaduwing,,,,"Afspraken met belanghebbende waterverdeling",
"Case study:Herinrichting beekdal Tongelreep","Herinrichting beekdal Tongelreep",Netherlands,Complete,"Environmental flows and water resources,Fisheries,Habitat and biodiversity,Hydromorphology",No,"Dood hout,Grind bedden",,,"Bouwen met Natuur",,,
"Case study:Hierdense Beek","Hierdense Beek",Netherlands,"In progress","Habitat and biodiversity,Hydromorphology,Land use management - agriculture,Land use management - forestry,Monitoring",No,"Sand deposit,dead wood deposit",,,Shading,"Mowing management",,
"Case study:INTERREG MED WETNET – Management Plan for the Cañizar Lagoon (ARAGON)","INTERREG MED WETNET – Management Plan for the Cañizar Lagoon (ARAGON)",Spain,Complete,"Fisheries,Habitat and biodiversity,Land use management - agriculture,Land use management - forestry,Spatial planning",No,,"Conservation measures and environmental improvement",,,"Environmental integration measures and agricultural uses; Environmental integration measures and livestock uses; Environmental integration measures and tourism uses; Environmental integration measures and public uses (hunting,fishing ...).",,
"Case study:INTERREG MED WETNET – Odiel Marshes Wetland Contract and Action plan","INTERREG MED WETNET – Odiel Marshes Wetland Contract and Action plan",Spain,Complete,"Economic aspects,Environmental flows and water resources,Habitat and biodiversity,Monitoring,Social benefits,Spatial planning",No,,"Recovery,conservation and valorisation of Cárdenas marshes",,"Rehabilitation and valorisation of the Cojillas tidal mill; Connection project and use of livestock tracks and rural roads as green corridor; Enhancement of the connection marsh-city in front of 26 de Abril de 1963 square and estuary promenade; Project for the connection and use of livestock tracks and rural roads as green corridors (Odiel river border to the hanging bridge of a-49); Enhancement of the marsh-city connection in front of the San Felice de Circeo promenade and the surroundings of the Tejar stream",,"Environmental education campaigns on the Odiel marshes; “Marismas del Odiel,Cero es Más” campaign; Sustainable tourism in the Odiel marshes biosphere reserve","Eco-innovation (ECOMO) Odiel marshes (incubator and accelerator of eco-entrepreneurs and green employment); Promotion of green infrastructures,connected to the ""Biosphere Reserve Brand"""
"Case study:INTERREG MED WETNET- Albufera de Valéncia Memorandu of Cooperation for Wetland Contract","INTERREG MED WETNET- Albufera de Valéncia Memorandu of Cooperation for Wetland Contract",Spain,Complete,"Environmental flows and water resources,Flood risk management,Hydromorphology,Land use management - agriculture,Monitoring,Social benefits,Water quality",No,,"Restoration and improvement of connections from natural springs; Land purchase and restoration aiming the increase of green filters and artificial wetlands around the lagoon","Ensuring an additional contribution to l’Albufera of water from the Júcar-Túria system through rapid flushing technical discharges; Increase the proportion of water inputs to l’Albufera from rivers with respect to the water inputs from sewage and treatments plants; Preserve contributions from Xúquer,Turia and treatment plants,controlling  water quality; Improvement of the winter flood conditions and mainteneance; Improvement of the management of the lagoon gates to maintain adequate levels; Adaptation and maintenance of public irrigation systems for the contribution of water to the wetland","Improve and adapt existing sanitation infrastructure,especially those oriented to the West Collector; Construction of storm tanks and tune up of those already constructed","Improvement of agri-environmental practices; Establish a protocol for the use of the ditches of the Sueca Irrigators Community to connect the Sueca irrigation system to the lagoon out of the rice growing season; The approval of the legal management instruments: plans related to the Water Framework Directive (Júcar River Basin Plan) and the Nature Directives (Natura 2000 SAC); the maintenance of the productivity of the agricultural system and the actions to deal with salinization and the negative effects of climate change on crops,specially rice farming; promotion of active management of the cultural resources and heritage of the wetland; definition of a plan for sustainable public use and dealing,if necessary,actions of sustainable mobility.","Promotion of meeting and consultation spaces,such as the creation of a virtual information center accesible to all stakeholders; Improvement of coordination with irrigation communities,fishermen's associations and other groups involved; and the creation of a more inclusive wetland management body.","Definition of environmental objectives and indicators and monitoring program."
"Case study:Improved longitudinal continuity of the Lozoya River, upstream the Pinilla dam (Madrid)","Improved longitudinal continuity of the Lozoya River, upstream the Pinilla dam (Madrid)",Spain,Complete,"Fisheries,Flood risk management,Habitat and biodiversity",No,"Lowering of lateral slopes,Weir removal,Removal of sediment","Riparian planting,Conditioning access",,,,,
"Case study:Improvement of ecological state of the river Pisuerga between the dam of Aguilar de Campo and Alar del Rey (Palencia) - 1st Stage.","Improvement of ecological state of the river Pisuerga between the dam of Aguilar de Campo and Alar del Rey (Palencia) - 1st Stage.",Spain,Complete,"Environmental flows and water resources,Habitat and biodiversity,Hydromorphology",No,"Bank stabilisation,Restoration of natural vegetation","Improve longitudinal connectivity",,"Fish habitat restoration",,"Improved network of trails,Information panels for people",
"Case study:Improvement of the Terri River in the industrial zone (Phase I and II)","Improvement of the Terri River in the industrial zone (Phase I and II)",Spain,Complete,"Flood risk management,Habitat and biodiversity,Hydromorphology",No,"Recess side slopes,Barrier removal","Removal of exotic plants,Creation of a flood expansion area,Restoring riparian vegetation",,,,,
"Case study:Improving the ecological status of the Black River and tributaries (Zamora)","Improving the ecological status of the Black River and tributaries (Zamora)",Spain,Complete,"Fisheries,Flood risk management,Habitat and biodiversity",No,"Revetments with local species,Creation of fish ladders","Develop riparian forest",,,,,
"Case study:Increased biodiversity, river Llobregat, Sallent.","Increased biodiversity, river Llobregat, Sallent.",Spain,Complete,"Environmental flows and water resources,Flood risk management,Habitat and biodiversity,Hydromorphology",No,"Embankment creation,Revetments with local species","Silvicultural treatments,Habitat creation",,,,"New pahts near the river",
"Case study:International recovery of the river Minho: an example of sustainable hydraulic exploitation","International recovery of the river Minho: an example of sustainable hydraulic exploitation",Spain,Complete,"Fisheries,Habitat and biodiversity,Hydromorphology",No,,,"Creation of fish passes,Improving fish migration",,,,
"Case study:Inturia dam removal","Inturia dam removal",Spain,Complete,"Environmental flows and water resources,Habitat and biodiversity,Hydropower",No,"Dam removal",,"Creation of solid flow regime",,,"Creation of a path alongside the river,Creation of viewpoint with photos and data of the dam removal",
"Case study:Keent",Keent,Netherlands,Complete,"Flood risk management,Habitat and biodiversity,Land use management - agriculture",No,"Connection between river channel and former side branches,Riverbed dug out",,,,Grazing,"Creation of visitors centre,Exposition about the past of Keent",
"Case study:Klassiek beekherstel Astense Aa","Klassiek beekherstel Astense Aa",Netherlands,Complete,"Environmental flows and water resources,Habitat and biodiversity,Hydromorphology,Water quality",No,,,,"Traditioneel beekherstel",,,
"Case study:Kleine Aa, traject Smalwater Noord","Kleine Aa, traject Smalwater Noord",Netherlands,Complete,"Habitat and biodiversity,Spatial planning",No,,,,,,,
"Case study:LIFE Segura Riverlink (Through rivers)","LIFE Segura Riverlink (Through rivers)",Spain,Complete,"Fisheries,Flood risk management,Habitat and biodiversity,Hydromorphology,Monitoring",No,"Planting of native species,Removal of invasive species,Structuring of shoreline,Weir removal,Creation of fish passes","Improving fish migration,Alloctone species control",,,"Management of undesirable plant species,Implementation of best practice land & soil management,Promotion of riparian vegetation and natural re-growth of bankside,Riparian tree planting,Removal of invasive species","Volunteer engagement,Creation of a Land Stewardship Network,Community education (talks and workshops",
"Case study:La Gotera dam removal","La Gotera dam removal",Spain,Complete,"Environmental flows and water resources,Habitat and biodiversity,Hydropower,Hydromorphology",No,"Dam removal,Reconnection of river",,,,"capture of fish prior to the works",,
"Case study:Llobregat river restoration","Llobregat river restoration",Spain,Complete,"Environmental flows and water resources,Habitat and biodiversity,Hydromorphology,Social benefits",No,"Revetmens with local species,Bank stabilisation","Riparian planting,Control of invasive species,Silvicultural treatments","Remove obstacles in the riverbed",,,,
"Case study:Lunterse Beek","Lunterse Beek",Netherlands,Complete,"Environmental flows and water resources,Habitat and biodiversity,Hydromorphology,Land use management - agriculture,Monitoring,Water quality",No,"Dead wood deposit,Sand deposit",,,,,,
"Case study:Millingerwaard-Floodplain rehabilitation","Millingerwaard-Floodplain rehabilitation",Netherlands,"In progress","Habitat and biodiversity,Monitoring,Water quality",No,"Bank reprofiling","Riparian planting,Creation of river dunes,Increase water retention area",,,,,
"Case study:Ontpoldering Noordwaard","Ontpoldering Noordwaard",Netherlands,"In progress","Flood risk management,Habitat and biodiversity,Social benefits",No,"Lowering of dike,Moving dikes more inward",,,,"Placing buildings on terps","Creation of opportunities for walking,cycling and canooing",
"Case study:Opijnen- Side channel","Opijnen- Side channel",Netherlands,Complete,"Habitat and biodiversity,Monitoring,Water quality",No,"Improvement of natural flows",,"Creation of side channel",,,,
"Case study:Proposal for landscape and environmental improvement of the canal of Sils","Proposal for landscape and environmental improvement of the canal of Sils",Spain,Complete,"Environmental flows and water resources,Habitat and biodiversity",No,"Revetmens with local species,New bioengineering elements in order to stabilize slope banks",,,"Remove the old small bridge,New small bridge made of wood",,,
"Case study:RIVER RESTORATION PROJECT OF THE OLD SEGURA RIVER BED IN THE VIVILLO MEANDER (MURCIA)","RIVER RESTORATION PROJECT OF THE OLD SEGURA RIVER BED IN THE VIVILLO MEANDER (MURCIA)",Spain,"In progress","Environmental flows and water resources,Flood risk management,Habitat and biodiversity,Hydromorphology,Land use management - agriculture,Land use management - forestry,Social benefits,Spatial planning,Urban,Water quality",No,"Right bank maintains the existing levee,Left bank turns with the old meander,Current levee elevation is mantained","Habitat restoration,Planting of autochthonous vegetation","Modification of existing defenses,restoration of the old meander",,,,
"Case study:Recovery ""CañoTravieso""","Recovery ""CañoTravieso""",Spain,Complete,"Environmental flows and water resources,Monitoring,Water quality",No,,"Habitat restoration","Modification or removal of existing defenses,Channel naturalisation,Improvement of channel morphology",,"Environmental restoration of the area integral transformed by agriculture",,
"Case study:Recovery of the functionality of Brazo de la Torre","Recovery of the functionality of Brazo de la Torre",Spain,Complete,"Environmental flows and water resources,Monitoring,Water quality",No,"Revetmens with local species,Removal of sediment,Partial dredging of the channel to allow tidal flow","Habitat restoration,Dam removal",,,,,
"Case study:Regeneration of the banks of the river Mape","Regeneration of the banks of the river Mape",Spain,Complete,"Environmental flows and water resources,Habitat and biodiversity,Hydromorphology,Social benefits",No,"Revetmens with local species","Removal of exotic plants",,,"Custody of territory","Recovering the historical and cultural heritage linked to the river",
"Case study:Restoration of Viejas River from the outlet of the fish farm to its mouth","Restoration of Viejas River from the outlet of the fish farm to its mouth",Spain,Complete,"Environmental flows and water resources,Flood risk management,Hydropower,Hydromorphology",No,"Dam removal",Revegetation,,,,,
"Case study:Restoration of a section of Torrente de Can Sunyer passing through Martorelles","Restoration of a section of Torrente de Can Sunyer passing through Martorelles",Spain,Complete,"Habitat and biodiversity,Land use management - forestry,Social benefits",No,"New bioengineering elements in order to stabilize slope banks","Removal of exotic plants,Restoring riparian vegetation",,,,,
"Case study:Restoration of a stream of the Jarama River, Valdetorres de Jarama","Restoration of a stream of the Jarama River, Valdetorres de Jarama",Spain,Complete,,No,"Lowering of lateral slopes","Riparian planting",,,,,
"Case study:Restoration of a stretch of the river of Santa Coloma","Restoration of a stretch of the river of Santa Coloma",Spain,Complete,"Habitat and biodiversity,Hydromorphology",No,"New bioengineering elements in order to stabilize slope banks","Removal of exotic plants,Restoring riparian vegetation",,,,,
"Case study:Restoration of riparian zone in Aragon River","Restoration of riparian zone in Aragon River",Spain,Complete,"Habitat and biodiversity,Land use management - agriculture,Social benefits",No,"New bioengineering elements in order to stabilize slope banks","Habitat creation,Restoring riparian vegetation",,,"Improve forest management and agricultural",,
"Case study:Restoration of streams Chico Soto, Soto Grande and Arroyo de la Laguna de los Reyes","Restoration of streams Chico Soto, Soto Grande and Arroyo de la Laguna de los Reyes",Spain,Complete,"Environmental flows and water resources,Habitat and biodiversity,Monitoring,Water quality",No,"Restoration of natural vegetation",,"Topographic and landscape restoration,Decrease sedimentation","Restoring the natural hydrological regime",,,
"Case study:Restoration of the marsh ""Gallega""","Restoration of the marsh ""Gallega""",Spain,Complete,"Environmental flows and water resources,Habitat and biodiversity,Hydromorphology,Monitoring",No,,,"Improvement of channel morphology,Habitat restoration","Permeabilize the side wall of the FAO",,,
"Case study:Restoration of the river area of the section of Betzuca stream","Restoration of the river area of the section of Betzuca stream",Spain,Complete,"Environmental flows and water resources,Flood risk management,Habitat and biodiversity,Hydromorphology",No,"Landscape integration of the breakwater,New bioengineering elements in order to stabilize slope banks","Creation of pond",,,,,
"Case study:Restoration of the stream of Vallicrosa in the section of the source of Pic","Restoration of the stream of Vallicrosa in the section of the source of Pic",Spain,Complete,"Environmental flows and water resources,Habitat and biodiversity,Urban",No,"New bioengineering elements in order to stabilize slope banks,Removal of concrete banks and bed,Revetments with local species","Restoring riparian vegetation",,,,,
"Case study:Restoration of the stream of the Partido","Restoration of the stream of the Partido",Spain,Complete,"Flood risk management,Habitat and biodiversity,Water quality",No,"Elimination of the pipeline on the left bank,Removal of sediment,Revetmens with local species","Habitat restoration","Improvement of channel morphology",,,"Comprehensive environmental restoration of a large area in contact with the National Park",
"Case study:Restoration project in Verde River","Restoration project in Verde River",Spain,Complete,"Environmental flows and water resources,Fisheries,Habitat and biodiversity,Hydromorphology,Social benefits",No,"Recess side slopes,Barrier removal","Removal of exotic plants,Elimination of structural elements concreted","Removal of speckles",,"Improve forest management and agricultural",,
"Case study:Restoration project of the degraded area of the Molí source environment and improvement of river areas and adjacent riparian formations","Restoration project of the degraded area of the Molí source environment and improvement of river areas and adjacent riparian formations",Spain,Complete,"Habitat and biodiversity,Hydromorphology",No,"New bioengineering elements in order to stabilize slope banks,Bank stabilisation,Bank protection","Restoring riparian vegetation",,,,,
"Case study:Restoration project of the river area of the streams of Vallmanya and Reixac","Restoration project of the river area of the streams of Vallmanya and Reixac",Spain,Complete,"Environmental flows and water resources,Habitat and biodiversity,Hydromorphology",No,"New bioengineering elements in order to stabilize slope banks,Revetmens with local species","Removal of exotic plants,Restoring riparian vegetation",,,,,
"Case study:Restoring connectivity of the ecological corridor in the Biała River valley","Restoring connectivity of the ecological corridor in the Biała River valley",Poland,Complete,"Fisheries,Habitat and biodiversity",No,"Restoring riparian vegetation,Bank stabilisation","Restoring riparian vegetation","Removing barriers to water organisms migration in the river","Reintroducing salmon population to the river,Restoring integrity and re-colonization of the bivalve population in the river basin,Restoring the continuity of amphibian populations in the river valley",,,
"Case study:Rfff",Rfff,Netherlands,Complete,,Yes,,,,,,,
"Case study:Riparia-Ter - Recovery of riparian habitats of the Ter River","Riparia-Ter - Recovery of riparian habitats of the Ter River",Spain,Complete,"Environmental flows and water resources,Habitat and biodiversity",No,,"Revetmens with local species,Control of invasive species",,,"Improve forest management and agricultural",,
"Case study:River restoration in the irrigation area Lobón (Badajoz)","River restoration in the irrigation area Lobón (Badajoz)",Spain,Complete,"Habitat and biodiversity,Hydromorphology,Monitoring,Social benefits",No,"Revetmens with local species","Removal of sediments,Silvicultural treatments",,,"Monitoring strategy,Legal advice","Information panels for people",
"Case study:River restoration project in Congost between the torrent of Malhivern and end of the municipality of La Garriga","River restoration project in Congost between the torrent of Malhivern and end of the municipality of La Garriga",Spain,Complete,"Habitat and biodiversity,Water quality",No,"New bioengineering elements in order to stabilize slope banks,Removal of rip-rap","Removal of exotic plants",,,,,
"Case study:River restoration project in Sella, Asturias","River restoration project in Sella, Asturias",Spain,Complete,"Environmental flows and water resources,Habitat and biodiversity,Hydromorphology,Social benefits",No,"Revetmens with local species,New bioengineering elements in order to stabilize slope banks,Removal of rip-rap","Removal of sediments,Removal of exotic plants","Remove obstacles in the riverbed",,"Promotion and management of tourism in the river","Citizen participation in the restoration project",
"Case study:River restoration project of the stream of Vallvidrera","River restoration project of the stream of Vallvidrera",Spain,Complete,"Environmental flows and water resources,Flood risk management,Habitat and biodiversity,Hydromorphology",No,"New bioengineering elements in order to stabilize slope banks","Removal of exotic plants,Restoring riparian vegetation",,,,,
"Case study:Robledo de Chavela dam removal","Robledo de Chavela dam removal",Spain,Complete,"Social benefits,Water quality,Urban",No,"Dam removal,extraction and relocation of sediments,Delimitation of the channel with riprap,slope profiling,Reforestation of the riverbank",,,,"Capture and transfer of fish",,
"Case study:Room for the River","Room for the River",Netherlands,Complete,"Habitat and biodiversity,Water quality",Yes,"Removal of revetments,Reduction of bank slope",,,,,,"Information provision,Consultation,Participation in works,Participation in design"
"Case study:Route water: environmental restoration project for tourist use","Route water: environmental restoration project for tourist use",Spain,Complete,"Habitat and biodiversity,Social benefits",No,,"Removal of exotic plants,Restoring riparian vegetation","Morphology of the bed altered",,"Recovery of the old mill",,
"Case study:SCI Parga-Ladra-Támoga: recovery of bog woodland and dystrophic lake","SCI Parga-Ladra-Támoga: recovery of bog woodland and dystrophic lake",Spain,Complete,,No,"Removal of revetments,Depth variation,Revetmens with local species",,,,,"Awareness raising",
"Case study:Shaping and protecting water-mud biotopes in Garwolin Forest division through development of small retention","Shaping and protecting water-mud biotopes in Garwolin Forest division through development of small retention",Poland,Complete,"Environmental flows and water resources,Habitat and biodiversity",No,"Installation of damming valves,Creation of islands,Creation of irregular shaped shore line",,,,,,
"Case study:Small Retention - Big Deal, A National Program on Natural Small Water Retention Measures","Small Retention - Big Deal, A National Program on Natural Small Water Retention Measures",Poland,Complete,"Environmental flows and water resources,Flood risk management,Habitat and biodiversity,Land use management - agriculture,Land use management - forestry,Spatial planning,Urban",Yes,"Construction of dams,construction of small retention facilities,Planting forest,Creation of ponds,Creation of stone tresholds",,,,,,
"Case study:Strengthening associated biodiversity of habitat 92A0 and control of Invasive Alien Species in the Segura River (LIFE + Ripisilvanatura)","Strengthening associated biodiversity of habitat 92A0 and control of Invasive Alien Species in the Segura River (LIFE + Ripisilvanatura)",Spain,Complete,"Habitat and biodiversity,Hydromorphology,Land use management - agriculture,Monitoring",No,"Planting of native species,Removal of invasive plants,Restoring riparian vegetation,Structuring of shoreline","Alloctone species control,Vegetation management",,,"Management of undesirable plant species,Implementation of best practice land & soil management,Promotion of riparian vegetation and natural re-growth of bankside,Riparian tree planting,Removal of invasive species","Volunteer engagement,Creation of a Land Stewardship Network,Community education (talks and workshops)",
"Case study:Sustainable management, at local level, of the alluvial aquifer of the River Tordera, through the reuse of waste water","Sustainable management, at local level, of the alluvial aquifer of the River Tordera, through the reuse of waste water",Spain,Complete,"Environmental flows and water resources,Social benefits,Water quality",No,,"Creation of an infiltration lagoon,Habitat creation",,,,"Community consultation",
"Case study:The Manzanares River Restoration: Demolition of an obsolete dam and riverine ecosystem rehabilitation","The Manzanares River Restoration: Demolition of an obsolete dam and riverine ecosystem rehabilitation",Spain,Complete,"Environmental flows and water resources,Habitat and biodiversity,Hydromorphology",No,"Bank stabilisation,Dam removal","Riparian planting",,,,,
"Case study:The San Marcos weir removal","The San Marcos weir removal",Spain,Complete,"Environmental flows and water resources,Flood risk management,Hydropower,Urban",No,"Creation of fish pass,Partial weir removal",,,,"Materials removed from the weir were used to fill the pool produced downstream the weir,diminishing the erosion of the river bed",,
"Case study:The Upper Raba River Spawning Grounds","The Upper Raba River Spawning Grounds",Poland,"In progress","Habitat and biodiversity",No,,,,,,,
"Case study:Traditioneel Beekherstel Koffiegoot","Traditioneel Beekherstel Koffiegoot",Netherlands,Complete,"Flood risk management,Habitat and biodiversity,Land use management - forestry,Monitoring",No,,"Vermoerassing/de beek het bos ingestuurd",,,,,
"Case study:Tungelroyse beek","Tungelroyse beek",Netherlands,Complete,"Environmental flows and water resources,Habitat and biodiversity,Land use management - agriculture",No,"Creation of fish passes",,Re-meandering,"Fish by-pass channel,improvement of structure of agricultural land",,"Citizen participation in the restoration project,Conditioning roads,Creation of a working group and an advisory board were established with representatives from local and national authorities and NGOs.",
"Case study:Updated project for the “Environmental Restoration and Urban and Landscape Planning of Cabra River’s High Section (Cordoba)","Updated project for the “Environmental Restoration and Urban and Landscape Planning of Cabra River’s High Section (Cordoba)",Spain,"In progress","Social benefits,Spatial planning",No,"hydrological recovery actions (stabilization of slopes and recovery of margins witch present erosion problems).","planting of autochthonous vegetation (elms,poplars,ashes,willows,tarajes,figs ...) along the most degraded banks; silvicultural treatments of riverside vegetation and plantations; cleaning and removal of waste; improve the longitudinal and transverse continuity of the river,extending the width of the banks and creating a fluvial corridor",,"recreational use (construction of footpaths,promenades and footbridges,and also recreational areas integrated into the river area,improving the population education and connection with their environmental heritage)",,,
"Case study:Vallacuera Ravine. Removal of a dyke","Vallacuera Ravine. Removal of a dyke",Spain,Complete,"Fisheries,Flood risk management,Habitat and biodiversity,Land use management - agriculture",No,"New bioengineering elements in order to stabilize slope banks","Removal of exotic plants,Conditioning access to properties and pedestrian paths,Habitat creation","Removal of a dyke",,"Reduce the risk of flooding downstream",,
"Case study:Vreugderijkerwaard side channel","Vreugderijkerwaard side channel",Netherlands,Complete,"Habitat and biodiversity,Monitoring,Social benefits,Water quality",No,"Decrease sedimentation","Creation of side channel","Increase river dynamics,Re-connect tributaries to main channel",,,,
"Case study:Weir demolition in river Nansa, Cantabria","Weir demolition in river Nansa, Cantabria",Spain,Complete,"Environmental flows and water resources,Fisheries,Habitat and biodiversity",No,"Weir removal",,,,,,
"Case study:Works of improvement in final stretch of the Riera of Vallcorba, Sant Quirze del Vallès","Works of improvement in final stretch of the Riera of Vallcorba, Sant Quirze del Vallès",Spain,Complete,"Environmental flows and water resources,Habitat and biodiversity,Water quality",No,"New bioengineering elements in order to stabilize slope banks,Removal of concrete banks and bed,Bank reprofiling,Gabion bed",,,,,,
"Case study:Zújar river restoration in the reach between the Chapel of St Mary of Zújar and the ford of ""Entrerríos"", Badajoz.","Zújar river restoration in the reach between the Chapel of St Mary of Zújar and the ford of ""Entrerríos"", Badajoz.",Spain,Complete,,No,,,,,"DPH recovery by removal of fences and barriers that restrict access to the river",,
"Case study:Zújar river restoration in the reach between the dam and the ford of ""El Espolón"" , Badajoz.","Zújar river restoration in the reach between the dam and the ford of ""El Espolón"" , Badajoz.",Spain,Complete,,No,,"Creation of wetland",,"Recovering natural landscapes","DPH recovery by removal of fences and barriers that restrict access to the river",,
"Case study:Zújar river restoration in the reach between the ford of ""El Espolón"" and the Chapel of St Mary of Zújar , Badajoz.","Zújar river restoration in the reach between the ford of ""El Espolón"" and the Chapel of St Mary of Zújar , Badajoz.",Spain,Complete,,No,,,,,"DPH recovery by removal of fences and barriers that restrict access to the river",,
"Case study:Zújar river restoration in the reach between the ford of ""Entrerríos"" and its mouth, Badajoz.","Zújar river restoration in the reach between the ford of ""Entrerríos"" and its mouth, Badajoz.",Spain,Complete,,No,,"Creation of wetland",,"Recovering natural landscapes",,,
